Date,tweet_id,tweet_content,likes,retweets,username,followers,tweet_language,verified
2023-04-12 12:30:19+00:00,1646128614197567488,"Manish Sisodia was the ONLY minister in India handling ‚ÄòEducation &amp; Liquor‚Äô together

What a revolution Arvind Kejr‚Ä¶ https://t.co/ze1AF8EJ3u",83,24,FltLtAnoopVerma,30663,en,FALSE
2023-04-12 11:04:54+00:00,1646107115201904641,Supreme Court of Pakistan has summoned all officers for non-provision of funds for the Punjab elections on April 14‚Ä¶ https://t.co/TBA0dqQfRv,43,6,Tormentedsoul30,1888,en,FALSE
2023-04-12 10:05:55+00:00,1646092274751926274,"Breaking:

Screenshots of Conman Sukesh Chandrashekhar's chat with KCR's daughter Kavitha.

As per Sukesh, Kavitha‚Ä¶ https://t.co/7vJHeoKlvv",503,234,Indian_Analyzer,42766,en,FALSE
2023-04-12 10:05:37+00:00,1646092197840732167,A friend said Conman Sukesh Chandrashekhar who is lodged in Tihar Jail released alleged chats screenshots of him an‚Ä¶ https://t.co/UZ7aNnN0GD,49,33,AmitLeliSlayer,16515,en,FALSE
2023-04-12 09:50:47+00:00,1646088463656292352,Delhi School very bad condition . Confirmed by AAP minister herself . Proves lies of Ruling leaders of Delhi .  https://t.co/OsJGAzpt7H,64,19,alokmehtaeditor,28345,en,FALSE
2023-04-12 09:20:47+00:00,1646080915242876930,"Can't Keep Calm because AAP is a National Party ü•≥

Our Ministers, leaders and volunteers celebrated his huge feat t‚Ä¶ https://t.co/ZvHNgThBuS",169,67,AAPPunjab,415218,en,TRUE
2023-04-12 09:20:47+00:00,1646080913699373056,"Share Top 5 Traditional Fantasy App Name ! 

I Know Fatafat Se Bata Doge Aap Log üòÄ #IPL23

But Now Share TOP 5 Fant‚Ä¶ https://t.co/E0YiyDPde6",40,5,Cryptowithkhan,9455,en,FALSE
2023-04-12 08:50:20+00:00,1646073252392087552,Conman #SukeshChandrashekhar who is lodged in Tihar Jail in #Delhi released alleged chats screenshots of him and‚Ä¶ https://t.co/IkvNeMBCVM,812,433,KP_Aashish,10655,en,TRUE
2023-04-12 08:34:10+00:00,1646069182629306370,"VIDEO | BJP workers stage protest against the AAP government over the alleged corruption in Delhi, demand CM Arvind‚Ä¶ https://t.co/6uRK3QoviE",57,9,PTI_News,4063732,en,TRUE
2023-04-12 08:17:24+00:00,1646064963226845185,What happens to the claims of two international publications that ran the same story on AAP's  excellent education‚Ä¶ https://t.co/1py0EHAklu,61,26,jananisampath,32757,en,TRUE
2023-04-12 08:05:52+00:00,1646062059988336645,Delhi Court to hear bail plea of AAP leader and former Deputy Chief Minister Manish Sisodia in a money laundering c‚Ä¶ https://t.co/H9lmkkVZy8,130,24,LiveLawIndia,602336,en,TRUE
2023-04-12 07:30:20+00:00,1646053120441729024,"I joined in @IAF_MCC in 1993
None of car ever a had a sticker ‚Äú Air Force or Defence‚Äù 

- When someone asks me ‚Äú si‚Ä¶ https://t.co/iCAvCASOVj",110,2,nitinwelde,4603,en,FALSE
2023-04-12 07:11:24+00:00,1646048353963356160,"Do u use Smartphone? ‚ù§Ô∏è
or
Smartphone use you? üî¥

- washroom me phone le jaana
- lunch dinner ke waqt phone
- late‚Ä¶ https://t.co/JMvtr37N3j",21,6,TechDekhoji,1076,en,FALSE
2023-04-12 07:09:50+00:00,1646047960759939073,"Biggest expos√© of the Enforcement Directorate till date by AAP MP @SanjayAzadSln üî•üî•

Multiple witnesses in the Delh‚Ä¶ https://t.co/7dVQOKaiad",540,330,Jasmine441,13176,en,TRUE
2023-04-12 06:34:45+00:00,1646039131766788098,Delhi High Court issues notice to Enforcement Directorate on bail plea moved by AAP's communication in-charge Vijay‚Ä¶ https://t.co/2SoadRFEDE,217,51,ANI,7641848,en,TRUE
2023-04-12 06:32:37+00:00,1646038594505826304,Senior AAP leader &amp; Rajya Sabha Member @SanjayAzadSln addressing an important press conference¬†|¬†LIVE https://t.co/WzToEj7vsz,731,385,AamAadmiParty,6475161,en,TRUE
2023-04-12 06:29:42+00:00,1646037858413600770,"I know it's totally against Party's Early commitments.

But she embodies Arvind Kejriwal's persona whenever she vis‚Ä¶ https://t.co/mylbXs9Wob",23,12,AAPforNewIndia,843,en,FALSE
2023-04-12 06:15:54+00:00,1646034387144945664,"Samana toll plaza, Patiala to be closed by CM @BhagwantMann today üî•üî•

üëâ This will be the 9th Toll Plaza that the AA‚Ä¶ https://t.co/Uwsf9cZVEi",718,198,RitikGupta1999,5435,en,FALSE
2023-04-12 06:12:04+00:00,1646033422572470272,"Samana toll plaza, Patiala to be closed by CM @BhagwantMann today üî•üî•

üëâ This will be the 9th Toll Plaza that the AA‚Ä¶ https://t.co/PWMEqCycQP",421,137,AAPPunjab,415218,en,TRUE
2023-04-12 05:57:14+00:00,1646029691525152768,"Any 1 MISTAKE üî¥ which you did &amp; don't want YOUR KID/YOUNG GENERATION to do...!! be it ANYTHING üåç

Koi ek MISTAKE jo‚Ä¶ https://t.co/sgbF6qNMAq",18,2,TechDekhoji,1076,en,FALSE
2023-04-12 05:30:00+00:00,1646022835700379648,"Kya Aap Hai Cricket Ke Asli Dawn? Tis' The Time To Win Your Throne.  
Answer This Simple Question On The Pinned Pos‚Ä¶ https://t.co/GznCpLFkiq",87,68,RedFMIndia,271197,en,TRUE
2023-04-12 05:10:23+00:00,1646017900380057600,Send this tweet to coward kejriwal  ...he wont see this tweet @AtishiAAP  @AapKaGopalRai https://t.co/i1vBUeI84c,217,88,noconversion,237906,en,FALSE
2023-04-12 05:10:19+00:00,1646017882663579648,"People of Punjab are asking AAP Govt ‚ÄúKya Hua Tera Wada, Vo Qasam, Vo Iraada!‚Äù ? 

Drunk on Power - AAP has forgott‚Ä¶ https://t.co/cGq9URC8Uf",67,22,JaiveerShergill,138009,en,TRUE
2023-04-12 04:42:35+00:00,1646010902582562816,"-Manish Sisodiya : Liquor scam
-Satyendra Jain: Money laundering case
-Amanullah : Land scam
-Vijay Singla : Bribe‚Ä¶ https://t.co/ERNUM9K0lD",467,187,MrSinha_,74573,en,FALSE
2023-04-12 04:40:00+00:00,1646010252306022401,"AAP‚Äôs ‚ÄòDegree Dikhao‚Äô campaign: 40% of party‚Äôs Punjab MLAs are not graduates, 19 have not even passed 12th standard
 https://t.co/iifZ6qgqjB",121,33,OpIndia_com,627871,en,TRUE
2023-04-12 03:57:16+00:00,1645999497334636544,More power to you @AtishiAAP for exposing the corrupt education model run by #ManishSisodia for last 8 yrs in‚Ä¶ https://t.co/C5xxW0ASbY,555,307,MithilaWaala,2594,en,FALSE
2023-04-12 03:56:56+00:00,1645999415092723713,"If Kejriwal becomes PM, Tahir Hussain will get Bharat Ratna 

If Mamata becomes PM, a Bangladeshi will get Bharat R‚Ä¶ https://t.co/gigEla0lEn",4915,1275,FltLtAnoopVerma,30663,en,FALSE
2023-04-12 03:40:17+00:00,1645995224576180225,"I feel awkward when some Aapians say what @indian_nagrik has done for party, when they see him bluntly ask accounta‚Ä¶ https://t.co/vHWLmiQJ2I",57,20,mshahi0024,2326,en,FALSE
2023-04-12 03:20:07+00:00,1.64599E+18,Ground report: AAP is gaining momentum in Jalandhar and Congress is losing votes every day. It was one of the easie‚Ä¶ https://t.co/Gp49Q62ry6,79,32,DeolSirsa,1805,en,FALSE
2023-04-12 03:12:46+00:00,1645988299184701441,"1 traitor per state, an Owaisi &amp; One kejriwal in each state &amp; INC will be over run by peeparty in most states. Add‚Ä¶ https://t.co/SnRf7Kc45U",23,4,MetarSpeci,604,en,FALSE
2023-04-12 02:44:03+00:00,1645981074047275008,"Word of thanks and appreciation for @indian_nagrik as AAP supporter and volutneer.
Sitting abroad ,how much he does‚Ä¶ https://t.co/6t4gzP7TZW",186,64,Kishlaysharma,11935,en,FALSE
2023-04-12 02:39:59+00:00,1645980052377735168,Senior AAP leader and Rajya Sabha Member @SanjayAzadSln will address an important press conference today at 12 noon https://t.co/gBBFSfGl5i,332,116,AamAadmiParty,6475162,en,TRUE
2023-04-12 02:36:58+00:00,1645979290826342402,"That‚Äôs really bad

It‚Äôs not even 10-15 days since Arvind Kejriwal fixed Manish Sisodia

And Aatishi Marlena started‚Ä¶ https://t.co/VmDLALVxtW",654,370,FltLtAnoopVerma,30663,en,FALSE
2023-04-12 01:54:20+00:00,1645968562341785601,"Congratulations @priinccess5 Haina Na Zainuu‚ù§Ô∏èüòç for 10K!
Meao Meao you deserve this more than anyone else! 
Aap and‚Ä¶ https://t.co/WwrXZjX7Rg",18,8,seno_112,5241,en,FALSE
2023-04-11 21:42:08+00:00,1645905095257894912,"Hum females make up karein ya na karein , parda karein Ya na karein , aap apni sooch ko saaf karein. Its needs Deep‚Ä¶ https://t.co/nvaJWrymDt",53,5,BeingSNK,8408,en,FALSE
2023-04-11 21:33:44+00:00,1645902979659350016,Waisay @agentjay2009 1500 ke hisaab sey 27.6k tweets and videos ke aap khud laga dain. Account details share karoo‚Äôn?? üòú@MashwaniAzhar,33,2,SDJasmine,8815,en,FALSE
2023-04-11 21:19:07+00:00,1645899302903107584,"If he joins AAP in Rajasthan, he won't get even 5% votes overall.

He is NOT a mass leader but a future asset only‚Ä¶ https://t.co/pyzXUBmKrV",577,69,TimesAlgebraIND,59596,en,FALSE
2023-04-11 19:28:38+00:00,1645871499209842691,"There goes #DilliKaMaalik #Kejriwal ‚Äòs #DegreeDikhao jumla 
üòÇüòÇüòÇ
@elonmusk wacky his üçë in one tweetüòÇüòÇüòÇ https://t.co/QCio3xUiIi",185,35,mjavinod,27900,en,FALSE
2023-04-11 19:21:08+00:00,1645869609684447233,"Aap log bhi dekh loü•≥ü§ùüèª
Good night https://t.co/RBseEBpclm https://t.co/2eCHzcon2H",240,36,High_Heel_Babe,7741,en,FALSE
2023-04-11 18:30:00+00:00,1645856742834860032,"‚ù§Ô∏èV for Valued ‚ù§Ô∏è
You are a very dear and valued person in my life Dadaü•∫‚ù§Ô∏è Always stay happy, kyuki aap khush toh h‚Ä¶ https://t.co/dJV76xbbGw",10,7,__GoldenBliss__,377,en,FALSE
2023-04-11 17:35:45+00:00,1645843087875543041,"was in an e rick today when the dude decided to hit me w the ""aap ladka ho ya ladki"" question &amp; i said ""sir mujhe k‚Ä¶ https://t.co/rcpzjgAzgA",1637,95,psydukh,616,en,FALSE
2023-04-11 17:23:20+00:00,1645839966235398150,"There are YouTube Channel which make informative videos for UPSC exam are turning into propaganda factory.

For The‚Ä¶ https://t.co/RpnxWgcHgu",71,25,sdhruv86,3546,en,FALSE
2023-04-11 16:57:04+00:00,1645833355571904512,"AAP‚Äôs rise and national party status are a result of people‚Äôs overwhelming support for a new, fresh brand of politi‚Ä¶ https://t.co/omkHdibz8S",565,196,raghav_chadha,798619,en,TRUE
2023-04-11 16:56:12+00:00,1645833136960593920,"Elon Musk too knew all about #Kejriwal 
ü§£ü§£ü§£ https://t.co/9OKUsIXbTu",2459,686,NagarJitendra,20357,en,FALSE
2023-04-11 16:54:19+00:00,1645832660848377857,"Over 33% of Delhi AAP MLAs studied only till class XII

Over 20% of Punjab AAP MLAs have not even passed 12th stand‚Ä¶ https://t.co/G6T9fi1Ip2",238,84,mvmeet,187449,en,FALSE
2023-04-11 16:44:41+00:00,1645830237853462528,"#KarnatakaElections2023

Former AAP leader, @Nimmabhaskar22 has been made a scapegoat with Chamrajpet BJP ticket...‚Ä¶ https://t.co/tpUeMJ800N",53,17,AAPforNewIndia,843,en,FALSE
2023-04-11 15:52:27+00:00,1645817092653088769,"Atyany buddhiman kattr imaandar #KejriwalExposed ji  IIT se bahut padha likha, Bharat Ratna davedaar Shri Shri jhad‚Ä¶ https://t.co/eNukm7kYGV",19,6,Tension_Com,1658,en,FALSE
2023-04-11 15:28:35+00:00,1645811087328026626,"Salaam 
Ramadan ka 3isra ashra  shuru ho gya...in 10 raton me aap ki kismat badal skti hy just isliye q k apne  us‚Ä¶ https://t.co/kG3BA9fSGt",13,3,thevirgo28,4455,en,FALSE
2023-04-11 14:16:45+00:00,1645793009970335746,indian bts army aap humare dil me rehte hai to chup chap wahi padhe  raho bsdk üòä https://t.co/ByvAH8prFu,563,79,mimilostjams,3382,en,FALSE
2023-04-11 14:05:19+00:00,1645790130840678402,"Shocking‚Ä¶

AAP Assam spokesperson Sushant Nath taken by some police personals for a social media post criticising g‚Ä¶ https://t.co/WV1akjfP4H",219,171,beingAAPian,22297,en,TRUE
2023-04-11 14:04:24+00:00,1645789901290635267,"Shopkeeper: It's ‚Çπ 97 
Me: Yeh lo ‚Çπ100
Shopkeeper: aap aur ‚Çπ 2 de do, mein ‚Çπ 5 deta hoon
Me: https://t.co/DLHxVSKEpk",4039,344,Madan_Chikna,133372,en,FALSE
2023-04-11 13:54:59+00:00,1645787530296705027,"AAP celebrates national party status; party MP @raghav_chadha hails @ArvindKejriwal's leadership. Listen in. 
Full‚Ä¶ https://t.co/dgpgdtMGIB",260,93,IndiaToday,6258137,en,TRUE
2023-04-11 13:42:32+00:00,1645784397973716996,"It appears BJP has 
taken AAP symbol for a 
moment in Karnataka! https://t.co/LFotdh1iwK",444,26,VishweshwarBhat,193582,en,FALSE
2023-04-11 13:33:45+00:00,1645782188636667904,Just FYI Municipality is under AAP now üòÇ https://t.co/8M8pm7tYs1,469,112,NindaTurtles,24502,en,FALSE
2023-04-11 13:30:01+00:00,1645781246709047296,"AAP‚Äôs ‚ÄòDegree Dikhao‚Äô campaign: 40% of party‚Äôs Punjab MLAs are not graduates, 19 have not even passed 12th standard
 https://t.co/iifZ6qfSu3",2983,1102,OpIndia_com,627871,en,TRUE
2023-04-11 13:25:31+00:00,1645780115056644096,"This 43 seconds video is enough to give endless nightmares to the entire RSS-BJP-AAP ecosystem.

Rahul Thalaiva Gan‚Ä¶ https://t.co/sSGq5R6X9K",388,102,mr_mayank,26236,en,FALSE
2023-04-11 13:23:05+00:00,1645779504844144641,"Modi govt spending 35% of resources to 20% population, and you saying Modi treating citizens Equally ?????

Are you‚Ä¶ https://t.co/2uyJF8sNDJ",1060,530,KhushiViews,9768,en,FALSE
2023-04-11 13:12:25+00:00,1645776819113828352,"51 justice for legend
#AAP_Slaves_Of_Gangsters 
#JusticeForSidhuMooseWala",11,21,diwansh17107841,175,en,FALSE
2023-04-11 13:11:21+00:00,1645776551928295425,Kejriwal Govt sped up anti encroachment drive in New Delhi. In this video Madarsa can be seen removed from encroach‚Ä¶ https://t.co/PKILem5on0,2280,616,BefittingFacts,247871,en,FALSE
2023-04-11 12:51:52+00:00,1645771649646559233,Let us congratulate AAP for national party status.ü§≠ü§≠üòõüòõüôãüôãüôãüôã https://t.co/PCp5cJr3PV,46,17,KaffirBaba_2,3611,en,FALSE
2023-04-11 12:35:26+00:00,1645767514474053632,"Gujarat Police arrested Kajal Hindustani for a speech  

Modi visited church

BJP Delhi protesting against Kejriwal‚Ä¶ https://t.co/BVrwKvSoTA",1173,341,RoshanKrRaii,7338,en,FALSE
2023-04-11 12:22:29+00:00,1645764254426107905,"Participate in The KKR Quiz and stand a chance to win exciting gifts! üòÅ

KKR hai taiyaar, kya aap?

#BaazarKolkata‚Ä¶ https://t.co/NDHrPX2Z7C",117,91,BaazarKolkata,672,en,FALSE
2023-04-11 10:22:44+00:00,1645734116040781824,"Celebrating India üáÆüá≥ Celebrating AAP

Within ten years of its formation, AAP has become a national party, an unpara‚Ä¶ https://t.co/hw8cJOuDEW",1649,306,raghav_chadha,798619,en,TRUE
2023-04-11 09:57:43+00:00,1645727819639717889,"Glimpses of the Celebration at HQ on AAP becoming National Party! 
Amazing enthusiasm!
Under the leadership of Sri‚Ä¶ https://t.co/DVd7sFjebj",229,88,attorneybharti,197501,en,TRUE
2023-04-11 09:35:13+00:00,1645722158218489857,"Is he going to AAP?ü§î
Just a question. 
Arvind Kejriwal must be desperate to open account in Rajasthan https://t.co/PP757seGO8",28,3,anushakunmittal,12791,en,FALSE
2023-04-11 09:26:55+00:00,1645720068620419074,"‚ñ™Ô∏éNationalist Congress Party (NCP)

‚ñ™Ô∏éTrinamool Congress (TMC)

‚ñ™Ô∏éCommunist Party of India @cpimspeak (CPIM)

Have‚Ä¶ https://t.co/zllrjO1uPj",82,63,mekarora,2612,en,FALSE
2023-04-11 08:43:30+00:00,1645709142953439234,"Delhi government gives notice to the Delhi Haj Committee to vacate the office!  

Delhi Pradesh BJP's Minority Fron‚Ä¶ https://t.co/eULz9WR4Wi",173,95,gganeshhh,7840,en,FALSE
2023-04-11 08:01:49+00:00,1645698656455237632,"A special hug bhari tweet to those ..

Who hv no one jinko wo aise mention karke Masti karpayein. Jinki Bina Ht Wal‚Ä¶ https://t.co/5vTwPtKZjj",60,7,tweetwithapoo,1430,en,FALSE
2023-04-11 08:01:21+00:00,1645698536183562241,"AAP officially becomes national party after AAP gets 5 MLAs and 13% votes in Gujarat. 

Celebrations going on at AA‚Ä¶ https://t.co/h0NkNs0huI",685,282,HasanSafin,50027,en,TRUE
2023-04-11 07:58:47+00:00,1645697890331811841,"Akshnav fd makes so beautiful edits and vm ‚ù§‚ù§‚ù§‚ù§

If possible someone please make vm on this song from abhinav persp‚Ä¶ https://t.co/nJxbwhp6KZ",25,2,PoojaSh71747412,436,en,FALSE
2023-04-11 07:42:14+00:00,1645693724918202370,"Watch| ""Die-Hard Honesty, Patriotism and Humanity Are Three Pillars Of AAP's Ideology"": Arvind Kejriwal https://t.co/RL1Y8IEJwD",66,19,ndtv,17742352,en,TRUE
2023-04-11 07:37:29+00:00,1645692529344643073,"Aap sab fans ki power mein hai bada dum! #KisiKaBhaiKisiKiJaan Trailer trends at #1 on YouTubeüî•

@BeingSalmanKhan‚Ä¶ https://t.co/wgM2YsTFgY",1665,417,farhad_samji,8037,en,TRUE
2023-04-11 07:21:03+00:00,1645688394037755904,Dhan Guru Teg Bahadur Sahib ji ke Prakash purab ki aap sabhi ko bahut-bahut  badhaiyan. May Guru Sahib bless all of‚Ä¶ https://t.co/EXZY8V63Sy,111,25,ACP_SURINDER_K,14004,en,FALSE
2023-04-11 07:13:52+00:00,1645686588637319168,"All ""anti-national forces"" that want to halt the country's progress are against AAP, said Kejriwal #AAP #Kejriwal https://t.co/Xnx7VRXhzf",43,5,republic,2860285,en,TRUE
2023-04-11 07:02:27+00:00,1645683716465852419,Aap sab fans ki power mein hai bada dum! #KisiKaBhaiKisiKiJaan Trailer trends at #1 on YouTubeüî•‚Ä¶ https://t.co/vcRtCHAeuU,510,204,ZeeStudios_,116768,en,TRUE
2023-04-11 07:00:48+00:00,1645683298860158977,Aap sab fans ki power mein hai bada dum! #KisiKaBhaiKisiKiJaan Trailer trends at #1 on YouTubeüî•‚Ä¶ https://t.co/hXMPsmLiUm,2862,852,SKFilmsOfficial,302754,en,TRUE
2023-04-11 06:51:44+00:00,1645681016181235712,"SHARE MAX

Arvind Kejriwal addresses AAP volunteers as AAP gets National Party status.

AAP Convener‚Ä¶ https://t.co/OEeJordH8y",462,218,DaaruBaazMehta,107509,en,FALSE
2023-04-11 06:46:18+00:00,1645679648821456897,"Die-hard honesty, patriotism and humanity three pillars of AAP's ideology: Arvind Kejriwal",84,11,PTI_News,4063719,en,TRUE
2023-04-11 06:45:59+00:00,1645679572355272705,"#WATCH | AAP National Convenor and Delhi CM Arvind Kejriwal says, ""Anti-national forces worked to put Manish Sisodi‚Ä¶ https://t.co/wCTkwUqVpO",214,63,ANI,7641854,en,TRUE
2023-04-11 06:44:57+00:00,1645679311133761536,All anti-national forces that don't want good things for country against AAP: Arvind Kejriwal,298,51,PTI_News,4063719,en,TRUE
2023-04-11 06:42:55+00:00,1645678798459883520,"Miraculous, incredible that AAP attained national party status in a short span of 10 years: Arvind Kejriwal",95,9,PTI_News,4063719,en,TRUE
2023-04-11 06:22:47+00:00,1645673732348997632,We are now a National Party üáÆüá≥ | AAP National Convenor @ArvindKejriwal along with other Senior AAP Leaders addressi‚Ä¶ https://t.co/pe1ztv3n3M,883,348,AamAadmiParty,6475163,en,TRUE
2023-04-11 06:13:40+00:00,1645671439297826816,Great opportunity for AAP to use this pic in Delhi and showcase how BJP leaders behave personally with general publ‚Ä¶ https://t.co/o2rc1AA2e7,16,8,SecularTrainee,4434,en,FALSE
2023-04-11 06:01:53+00:00,1645668470724472835,The most scary situation for the nation would be for its PM to have ‚Äòdegrees‚Äô but to not have ‚Äòwisdom‚Äô &amp; ‚Äòcharacter‚Ä¶ https://t.co/LwUyzTifj0,46,16,Randeep_Sisodia,1987,en,FALSE
2023-04-11 05:58:38+00:00,1645667656316653569,"AAP Gets ‚ÄòNational Party‚Äô Status

Now Kejriwal all over the countryüëá https://t.co/LoVJo7RCGl",2335,560,desi_urbann,11481,en,FALSE